word,binary
 ,00000000000
the,00000000001
you,00000000010
to,00000000011
and,00000000100
a,00000000101
of,00000000110
i,00000000111
is,00000001000
in,00000001001
for,00000001010
s,00000001011
it,00000001100
your,00000001101
thi,00000001110
on,00000001111
with,00000010000
we,00000010001
be,00000010010
are,00000010011
t,00000010100
all,00000010101
that,00000010110
amp,00000010111
have,00000011000
what,00000011001
our,00000011010
can,00000011011
at,00000011100
by,00000011101
do,00000011110
out,00000011111
from,00000100000
get,00000100001
now,00000100010
how,00000100011
will,00000100100
if,00000100101
make,00000100110
us,00000100111
new,00000101000
today,00000101001
up,00000101010
here,00000101011
as,00000101100
or,00000101101
an,00000101110
look,00000101111
m,00000110000
need,00000110001
about,00000110010
my,00000110011
day,00000110100
like,00000110101
so,00000110110
one,00000110111
but,00000111000
more,00000111001
when,00000111010
ha,00000111011
use,00000111100
time,00000111101
me,00000111110
who,00000111111
just,00001000000
don,00001000001
free,00001000010
re,00001000011
not,00001000100
there,00001000101
work,00001000110
good,00001000111
they,00001001000
check,00001001001
no,00001001010
come,00001001011
see,00001001100
take,00001001101
some,00001001110
help,00001001111
year,00001010000
follow,00001010001
go,00001010010
via,00001010011
great,00001010100
these,00001010101
first,00001010110
want,00001010111
best,00001011000
way,00001011001
know,00001011010
wa,00001011011
their,00001011100
live,00001011101
busi,00001011110
week,00001011111
over,00001100000
share,00001100001
peopl,00001100010
onli,00001100011
open,00001100100
love,00001100101
learn,00001100110
start,00001100111
design,00001101000
most,00001101001
been,00001101010
news,00001101011
join,00001101100
let,00001101101
find,00001101110
think,00001101111
link,00001110000
world,00001110001
read,00001110010
than,00001110011
march,00001110100
d,00001110101
video,00001110110
into,00001110111
hi,00001111000
say,00001111001
onlin,00001111010
product,00001111011
top,00001111100
th,00001111101
life,00001111110
covid,00001111111
thing,00010000000
back,00010000001
call,00010000010
post,00010000011
home,00010000100
whi,00010000101
mani,00010000110
team,00010000111
servic,00010001000
gt,00010001001
support,00010001010
happi,00010001011
watch,00010001100
other,00010001101
health,00010001110
part,00010001111
job,00010010000
women,00010010001
chang,00010010010
latest,00010010011
thank,00010010100
give,00010010101
pleas,00010010110
research,00010010111
which,00010011000
develop,00010011001
had,00010011010
would,00010011011
did,00010011100
power,00010011101
sale,00010011110
digit,00010011111
ani,00010100000
market,00010100001
compani,00010100010
visit,00010100011
next,00010100100
project,00010100101
her,00010100110
click,00010100111
he,00010101000
them,00010101001
avail,00010101010
pandem,00010101011
provid,00010101100
tech,00010101101
book,00010101110
after,00010101111
could,00010110000
data,00010110001
shop,00010110010
show,00010110011
art,00010110100
right,00010110101
set,00010110110
plan,00010110111
should,00010111000
talk,00010111001
everi,00010111010
experi,00010111011
report,00010111100
student,00010111101
pay,00010111110
build,00010111111
class,00011000000
manag,00011000001
offer,00011000010
hire,00011000011
engin,00011000100
system,00011000101
feel,00011000110
natur,00011000111
am,00011001000
stori,00011001001
well,00011001010
off,00011001011
made,00011001100
last,00011001101
commun,00011001110
discuss,00011001111
where,00011010000
technolog,00011010001
creat,00011010010
qualiti,00011010011
industri,00011010100
histori,00011010101
money,00011010110
beauti,00011010111
through,00011011000
spring,00011011001
still,00011011010
uk,00011011011
account,00011011100
import,00011011101
due,00011011110
podcast,00011011111
high,00011100000
custom,00011100001
amaz,00011100010
better,00011100011
u,00011100100
ever,00011100101
school,00011100110
got,00011100111
studi,00011101000
w,00011101001
photo,00011101010
essay,00011101011
assign,00011101100
nurs,00011101101
innov,00011101110
improv,00011101111
offic,00011110000
scienc,00011110001
c,00011110010
travel,00011110011
inspir,00011110100
alway,00011110101
style,00011110110
artist,00011110111
may,00011111000
st,00011111001
black,00011111010
websit,00011111011
famili,00011111100
friend,00011111101
tri,00011111110
food,00011111111
vaccin,00100000000
india,00100000001
nation,00100000010
order,00100000011
biolog,00100000100
paper,00100000101
math,00100000110
tip,00100000111
lead,00100001000
ai,00100001001
contact,00100001010
opportun,00100001011
futur,00100001100
train,00100001101
expert,00100001110
write,00100001111
program,00100010000
educ,00100010001
secur,00100010010
interest,00100010011
full,00100010100
fashion,00100010101
photographi,00100010110
instagram,00100010111
fit,00100011000
care,00100011001
veri,00100011010
small,00100011011
human,00100011100
miss,00100011101
light,00100011110
test,00100011111
ve,00100100000
state,00100100001
countri,00100100010
again,00100100011
also,00100100100
organ,00100100101
price,00100100110
x,00100100111
dm,00100101000
success,00100101001
calculu,00100101010
law,00100101011
profession,00100101100
grow,00100101101
solut,00100101110
media,00100101111
app,00100110000
cours,00100110001
local,00100110010
homework,00100110011
leader,00100110100
econom,00100110101
readi,00100110110
machin,00100110111
citi,00100111000
view,00100111001
detail,00100111010
network,00100111011
complet,00100111100
inform,00100111101
gener,00100111110
even,00100111111
kid,00101000000
motiv,00101000001
tuesday,00101000010
never,00101000011
gift,00101000100
cute,00101000101
were,00101000110
usa,00101000111
doe,00101001000
million,00101001001
big,00101001010
social,00101001011
trend,00101001100
brand,00101001101
ad,00101001110
logo,00101001111
hope,00101010000
morn,00101010001
keep,00101010010
enjoy,00101010011
anim,00101010100
month,00101010101
two,00101010110
pm,00101010111
shirt,00101011000
white,00101011001
buy,00101011010
startup,00101011011
statist,00101011100
algebra,00101011101
financ,00101011110
growth,00101011111
platform,00101100000
blog,00101100001
china,00101100010
fun,00101100011
base,00101100100
becom,00101100101
physic,00101100110
place,00101100111
announc,00101101000
global,00101101001
healthcar,00101101010
code,00101101011
career,00101101100
excit,00101101101
polit,00101101110
hous,00101101111
bill,00101110000
american,00101110001
must,00101110010
result,00101110011
appli,00101110100
regist,00101110101
hr,00101110110
music,00101110111
store,00101111000
cloth,00101111001
girl,00101111010
posit,00101111011
twitter,00101111100
littl,00101111101
she,00101111110
stay,00101111111
cat,00110000000
someon,00110000001
ll,00110000010
move,00110000011
listen,00110000100
case,00110000101
govern,00110000110
control,00110000111
biden,00110001000
while,00110001001
effect,00110001010
dr,00110001011
continu,00110001100
against,00110001101
rate,00110001110
print,00110001111
color,00110010000
london,00110010001
etsi,00110010010
red,00110010011
california,00110010100
invest,00110010101
leadership,00110010110
strategi,00110010111
hit,00110011000
psycholog,00110011001
tool,00110011010
kindli,00110011011
grade,00110011100
javascript,00110011101
locat,00110011110
robot,00110011111
virtual,00110100000
game,00110100001
comput,00110100010
lab,00110100011
night,00110100100
intern,00110100101
event,00110100110
univers,00110100111
medic,00110101000
water,00110101001
plant,00110101010
process,00110101011
featur,00110101100
english,00110101101
excel,00110101110
assist,00110101111
colleg,00110110000
done,00110110001
energi,00110110010
increas,00110110011
role,00110110100
articl,00110110101
realli,00110110110
paint,00110110111
draw,00110111000
healthi,00110111001
consult,00110111010
site,00110111011
group,00110111100
run,00110111101
creativ,00110111110
amazon,00110111111
tell,00111000000
long,00111000001
ap,00111000010
much,00111000011
song,00111000100
dog,00111000101
becaus,00111000110
person,00111000111
youtub,00111001000
affiliatemarket,00111001001
photooftheday,00111001010
flower,00111001011
funni,00111001100
dure,00111001101
mask,00111001110
bank,00111001111
updat,00111010000
impact,00111010001
hospit,00111010010
risk,00111010011
patient,00111010100
stop,00111010101
includ,00111010110
differ,00111010111
down,00111011000
wait,00111011001
play,00111011010
men,00111011011
short,00111011100
model,00111011101
ship,00111011110
sport,00111011111
luxuri,00111100000
blue,00111100001
leg,00111100010
f,00111100011
babi,00111100100
panic,00111100101
pocket,00111100110
bio,00111100111
uniqu,00111101000
illustr,00111101001
entrepreneur,00111101010
literatur,00111101011
own,00111101100
googl,00111101101
ceo,00111101110
client,00111101111
afford,00111110000
employe,00111110001
explor,00111110010
facebook,00111110011
step,00111110100
launch,00111110101
blockchain,00111110110
sell,00111110111
meet,00111111000
list,00111111001
seri,00111111010
park,00111111011
landscap,00111111100
soon,00111111101
river,00111111110
head,00111111111
softwar,01000000000
transform,01000000001
mobil,01000000010
applic,01000000011
partner,01000000100
r,01000000101
oper,01000000110
electr,01000000111
key,01000001000
space,01000001001
reflect,01000001010
coursework,01000001011
python,01000001100
cell,01000001101
lesson,01000001110
fact,01000001111
trump,01000010000
parti,01000010001
dissert,01000010010
gop,01000010011
presid,01000010100
sociolog,01000010101
vote,01000010110
elect,01000010111
handl,01000011000
hmu,01000011001
exam,01000011010
said,01000011011
nigeria,01000011100
campaign,01000011101
chemistri,01000011110
end,01000011111
minist,01000100000
deliv,01000100001
practic,01000100010
treat,01000100011
essaypay,01000100100
charg,01000100101
onlineclass,01000100110
hello,01000100111
score,01000101000
philosophi,01000101001
final,01000101010
origin,01000101011
technician,01000101100
anyon,01000101101
might,01000101110
deliveri,01000101111
hear,01000110000
webinar,01000110001
portrait,01000110010
everyth,01000110011
old,01000110100
awesom,01000110101
too,01000110110
eye,01000110111
manufactur,01000111000
e,01000111001
within,01000111010
k,01000111011
review,01000111100
tweet,01000111101
daili,01000111110
stream,01000111111
spot,01001000000
green,01001000001
senior,01001000010
nowhir,01001000011
integr,01001000100
field,01001000101
construct,01001000110
bring,01001000111
diet,01001001000
nutrit,01001001001
monday,01001001010
hard,01001001011
lifestyl,01001001100
befor,01001001101
those,01001001110
quot,01001001111
heart,01001010000
peac,01001010001
thought,01001010010
yourself,01001010011
everyon,01001010100
believ,01001010101
word,01001010110
togeth,01001010111
perfect,01001011000
celebr,01001011001
coronaviru,01001011010
face,01001011011
america,01001011100
eu,01001011101
dose,01001011110
relief,01001011111
receiv,01001100000
covidvaccin,01001100001
public,01001100010
question,01001100011
safeti,01001100100
protect,01001100101
safe,01001100110
ago,01001100111
blood,01001101000
second,01001101001
same,01001101010
dress,01001101011
sleev,01001101100
wear,01001101101
collect,01001101110
pari,01001101111
pant,01001110000
vintag,01001110001
mark,01001110010
summer,01001110011
grammi,01001110100
pc,01001110101
l,01001110110
abstractart,01001110111
sneaker,01001111000
newyork,01001111001
ecommerc,01001111010
interiordesign,01001111011
homedecor,01001111100
hand,01001111101
phone,01001111110
economi,01001111111
trade,01010000000
seo,01010000001
bitcoin,01010000010
digitalmarket,01010000011
financi,01010000100
affili,01010000101
socialmedia,01010000110
cannabi,01010000111
promot,01010001000
discov,01010001001
hotel,01010001010
tour,01010001011
deal,01010001100
save,01010001101
guid,01010001110
japan,01010001111
road,01010010000
dream,01010010001
sea,01010010010
cancel,01010010011
sun,01010010100
museum,01010010101
sunset,01010010110
iot,01010010111
cloud,01010011000
smart,01010011001
g,01010011010
fintech,01010011011
rais,01010011100
web,01010011101
autom,01010011110
advanc,01010011111
sofiaitc,01010100000
devic,01010100001
tomorrow,01010100010
drive,01010100011
artificialintellig,01010100100
remot,01010100101
insight,01010100110
scientist,01010100111
stat,01010101000
stem,01010101001
astronomi,01010101010
climat,01010101011
scientif,01010101100
mar,01010101101
cuomo,01010101110
maga,01010101111
democrat,01010110000
republican,01010110001
senat,01010110010
resum,01010110011
polic,01010110100
conserv,01010110101
governor,01010110110
gpa,01010110111
corrupt,01010111000
lawmak,01010111001
issu,01010111010
investig,01010111011
rep,01010111100
former,01010111101
reach,01010111110
medicin,01010111111
clinic,01011000000
suppli,01011000001
essayhelp,01011000010
essaydu,01011000011
writer,01011000100
chem,01011000101
academ,01011000110
hw,01011000111
legit,01011001000
reliabl,01011001001
tackl,01011001010
geometri,01011001011
powerpoint,01011001100
paysomeon,01011001101
ace,01011001110
microbiolog,01011001111
geographi,01011010000
tutor,01011010001
whatsapp,01011010010
pa,01011010011
guarante,01011010100
thesi,01011010101
friendli,01011010110
assur,01011010111
fee,01011011000
pi,01011011001
casestudi,01011011010
ensur,01011011011
cla,01011011100
subject,01011011101
econometr,01011011110
pend,01011011111
midterm,01011100000
favorit,01011100001
present,01011100010
propos,01011100011
content,01011100100
recommend,01011100101
ca,01011100110
special,01011100111
oh,01011101000
retail,01011101001
proud,01011101010
pet,01011101011
cutecat,01011101100
puppi,01011101101
catlov,01011101110
mammal,01011101111
canin,01011110000
bulldog,01011110001
catsoftwitt,01011110010
toy,01011110011
taich,01011110100
ador,01011110101
n,01011110110
catsontwitt,01011110111
feed,01011111000
tag,01011111001
lie,01011111010
georgia,01011111011
imag,01011111100
healthylifestyl,01011111101
healthyfood,01011111110
equip,01011111111
o,01100000000
rn,01100000001
hour,01100000010
real,01100000011
search,01100000100
teacher,01100000101
challeng,01100000110
agenc,01100000111
cool,01100001000
easi,01100001001
man,01100001010
break,01100001011
recruit,01100001100
specialist,01100001101
analyst,01100001110
contract,01100001111
technic,01100010000
relat,01100010001
mainten,01100010010
mechan,01100010011
level,01100010100
architect,01100010101
tax,01100010110
entertain,01100010111
sustain,01100011000
fund,01100011001
award,01100011010
matter,01100011011
europ,01100011100
foodi,01100011101
land,01100011110
gym,01100011111
workout,01100100000
fitnessmotiv,01100100001
fitgirl,01100100010
exercis,01100100011
bodybuild,01100100100
muscl,01100100101
yoga,01100100110
weight,01100100111
gymlif,01100101000
bodi,01100101001
wolbar,01100101010
cardio,01100101011
goal,01100101100
weightlift,01100101101
yesx,01100101110
yx,01100101111
fat,01100110000
lift,01100110001
push,01100110010
bicep,01100110011
fitfam,01100110100
squat,01100110101
supplement,01100110110
protein,01100110111
activ,01100111000
focu,01100111001
arm,01100111010
strength,01100111011
crossfit,01100111100
gain,01100111101
applewatch,01100111110
weightloss,01100111111
chest,01101000000
shoulder,01101000001
minut,01101000010
lb,01101000011
personaltrain,01101000100
domain,01101000101
allow,01101000110
feder,01101000111
ask,01101001000
court,01101001001
protest,01101001010
offici,01101001011
eat,01101001100
kitchen,01101001101
farm,01101001110
fish,01101001111
environ,01101010000
built,01101010001
structur,01101010010
architectur,01101010011
win,01101010100
commiss,01101010101
histor,01101010110
artwork,01101010111
digitalart,01101011000
sketch,01101011001
studio,01101011010
finish,01101011011
furri,01101011100
anoth,01101011101
wall,01101011110
decor,01101011111
card,01101100000
outdoor,01101100001
god,01101100010
jesu,01101100011
bless,01101100100
relationship,01101100101
kind,01101100110
joy,01101100111
smile,01101101000
instagood,01101101001
faith,01101101010
self,01101101011
bibl,01101101100
wish,01101101101
him,01101101110
date,01101101111
quoteoftheday,01101110000
romanc,01101110001
meme,01101110010
horoscop,01101110011
heal,01101110100
true,01101110101
death,01101110110
astrazeneca,01101110111
lockdown,01101111000
sinc,01101111001
nh,01101111010
given,01101111011
number,01101111100
psa,01101111101
children,01101111110
holder,01101111111
variant,01110000000
respons,01110000001
across,01110000010
shot,01110000011
moderna,01110000100
rise,01110000101
clot,01110000110
corona,01110000111
spread,01110001000
caus,01110001001
appoint,01110001010
jab,01110001011
item,01110001100
poshmark,01110001101
shopmycloset,01110001110
kidsfashion,01110001111
cottoncastl,01110010000
babycloth,01110010001
shoe,01110010010
ear,01110010011
jewelri,01110010100
size,01110010101
handmad,01110010110
calvin,01110010111
silver,01110011000
klein,01110011001
necklac,01110011010
desigu,01110011011
sleeveless,01110011100
gold,01110011101
neck,01110011110
skirt,01110011111
bag,01110100000
ring,01110100001
bracelet,01110100010
tommi,01110100011
hoodi,01110100100
leather,01110100101
trendi,01110100110
outfit,01110100111
hilfig,01110101000
ootd,01110101001
bra,01110101010
badgley,01110101011
tshirt,01110101100
mensfashion,01110101101
jacket,01110101110
cotton,01110101111
lace,01110110000
onlineshop,01110110001
pearl,01110110010
womensfashion,01110110011
tee,01110110100
pink,01110110101
mischka,01110110110
crop,01110110111
wed,01110111000
abstractpaint,01110111001
id,01110111010
casual,01110111011
alex,01110111100
apparel,01110111101
accessori,01110111110
shopifi,01110111111
sare,01111000000
heel,01111000001
attitud,01111000010
sweater,01111000011
mm,01111000100
fashionstyl,01111000101
knit,01111000110
midi,01111000111
ladi,01111001000
ebay,01111001001
denim,01111001010
instadaili,01111001011
suit,01111001100
drop,01111001101
fashiontrend,01111001110
trendingnow,01111001111
insta,01111010000
gown,01111010001
wsj,01111010010
nytim,01111010011
stock,01111010100
reuter,01111010101
earn,01111010110
revenu,01111010111
vacat,01111011000
holiday,01111011001
trip,01111011010
cruis,01111011011
tourism,01111011100
beach,01111011101
ttot,01111011110
adventur,01111011111
island,01111100000
lookatourworld,01111100001
flight,01111100010
travelblog,01111100011
traveltuesday,01111100100
resort,01111100101
airport,01111100110
destin,01111100111
hawaii,01111101000
travelblogg,01111101001
airfar,01111101010
egypt,01111101011
itself,01111101100
airlin,01111101101
bangalor,01111101110
chicago,01111101111
happ,01111110000
air,01111110001
ireland,01111110010
tourist,01111110011
roundtrip,01111110100
subscrib,01111110101
lake,01111110110
travelphotographi,01111110111
mountain,01111111000
franc,01111111001
memori,01111111010
ride,01111111011
cheap,01111111100
around,01111111101
camp,01111111110
compar,01111111111
ancient,10000000000
sail,10000000001
boat,10000000010
florida,10000000011
cybersecur,10000000100
appl,10000000101
newsflash,10000000110
technew,10000000111
infosec,10000001000
coruz,10000001001
user,10000001010
hacker,10000001011
microsoft,10000001100
intellig,10000001101
internet,10000001110
privaci,10000001111
bot,10000010000
nasa,10000010001
brain,10000010010
earth,10000010011
discoveri,10000010100
found,10000010101
towardsdatascienc,10000010110
neurosci,10000010111
deep,10000011000
moon,10000011001
explain,10000011010
nyt,10000011011
author,10000011100
between,10000011101
leftw,10000011110
liber,10000011111
border,10000100000
leftist,10000100001
femin,10000100010
journal,10000100011
crisi,10000100100
resign,10000100101
rightw,10000100110
polici,10000100111
newsclick,10000101000
macroeconom,10000101001
syria,10000101010
nigerianew,10000101011
attack,10000101100
un,10000101101
bbcnew,10000101110
dem,10000101111
amid,10000110000
yemen,10000110001
myanmar,10000110010
alleg,10000110011
migrant,10000110100
capitol,10000110101
writ,10000110110
texa,10000110111
coup,10000111000
donaldtrump,10000111001
region,10000111010
bangladesh,10000111011
worldnew,10000111100
boundari,10000111101
militari,10000111110
left,10000111111
politician,10001000000
empireofshadow,10001000001
pilot,10001000010
tvseri,10001000011
indi,10001000100
barrier,10001000101
quiz,10001000110
einstein,10001000111
mathemat,10001001000
quantum,10001001001
albert,10001001010
birthday,10001001011
physicist,10001001100
alberteinstein,10001001101
econ,10001001110
maximum,10001001111
verifi,10001010000
compet,10001010001
profici,10001010010
stud,10001010011
theori,10001010100
born,10001010101
v,10001010110
glad,10001010111
probabl,10001011000
task,10001011001
arxiv,10001011010
af,10001011011
esssi,10001011100
paywrit,10001011101
rel,10001011110
aict,10001011111
quizz,10001100000
particl,10001100001
expertis,10001100010
du,10001100011
paperpay,10001100100
apsmarch,10001100101
understand,10001100110
worri,10001100111
pharmaci,10001101000
pharmtech,10001101001
cvspharmtech,10001101010
pharmacist,10001101011
cv,10001101100
drug,10001101101
chemist,10001101110
pharma,10001101111
prescript,10001110000
pharmaceut,10001110001
target,10001110010
va,10001110011
fl,10001110100
member,10001110101
beurer,10001110110
sit,10001110111
tx,10001111000
expand,10001111001
ma,10001111010
pbm,10001111011
registr,10001111100
benefit,10001111101
inclus,10001111110
nc,10001111111
resourc,10010000000
sc,10010000001
ny,10010000010
topic,10010000011
reduc,10010000100
kitten,10010000101
kitti,10010000110
meow,10010000111
moe,10010001000
cutekitten,10010001001
iphon,10010001010
dogsofinstagram,10010001011
hound,10010001100
catsofinstagram,10010001101
doglov,10010001110
vet,10010001111
bed,10010010000
blep,10010010001
terrier,10010010010
loaf,10010010011
petsuppli,10010010100
owner,10010010101
hamster,10010010110
collar,10010010111
pug,10010011000
catstagram,10010011001
soft,10010011010
tiktok,10010011011
sleep,10010011100
heath,10010011101
pup,10010011110
petsofinstagram,10010011111
warm,10010100000
choos,10010100001
sleepi,10010100010
petstagram,10010100011
lover,10010100100
rabbit,10010100101
adopt,10010100110
petlov,10010100111
cutepetclub,10010101000
americanbulldog,10010101001
beagl,10010101010
puppylov,10010101011
teefi,10010101100
sure,10010101101
bowl,10010101110
paw,10010101111
apocalyps,10010110000
winter,10010110001
nuggiecat,10010110010
groom,10010110011
worldwid,10010110100
doctor,10010110101
simpl,10010110110
agent,10010110111
plain,10010111000
atlanta,10010111001
defend,10010111010
conspiraci,10010111011
emori,10010111100
groupzirigoza,10010111101
sar,10010111110
cov,10010111111
dental,10011000000
surgeri,10011000001
thriller,10011000010
treatment,10011000011
glove,10011000100
neet,10011000101
biographi,10011000110
institut,10011000111
diseas,10011001000
marijuana,10011001001
pain,10011001010
advertis,10011001011
email,10011001100
contentmarket,10011001101
bb,10011001110
page,10011001111
analyt,10011010000
engag,10011010001
commerc,10011010010
audienc,10011010011
estat,10011010100
traffic,10011010101
mall,10011010110
influenc,10011010111
messag,10011011000
smallbusi,10011011001
mamamoo,10011011010
solar,10011011011
reput,10011011100
moonbyul,10011011101
wheein,10011011110
hwasa,10011011111
adrenalin,10011100000
moomoo,10011100001
spotifi,10011100010
yt,10011100011
moo,10011100100
wind,10011100101
panel,10011100110
gw,10011100111
instal,10011101000
leggo,10011101001
moonsun,10011101010
record,10011101011
forget,10011101100
renew,10011101101
cover,10011101110
grid,10011101111
wow,10011110000
button,10011110001
geniu,10011110010
rich,10011110011
dont,10011110100
omg,10011110101
renewableenergi,10011110110
bday,10011110111
mama,10011111000
miracl,10011111001
kp,10011111010
km,10011111011
bz,10011111100
nt,10011111101
util,10011111110
queen,10011111111
sf,10100000000
z,10100000001
effici,10100000010
gosolar,10100000011
solarpv,10100000100
gb,10100000101
meteo,10100000110
hoesdorf,10100000111
weather,10100001000
overcast,10100001001
temp,10100001010
windchil,10100001011
maxtemp,10100001100
solarnew,10100001101
solartech,10100001110
ost,10100001111
mw,10100010000
ye,10100010001
capac,10100010010
solaradrenalineost,10100010011
whoever,10100010100
below,10100010101
rooftop,10100010110
hybrid,10100010111
pv,10100011000
sing,10100011001
wanna,10100011010
channel,10100011011
dingga,10100011100
boost,10100011101
multipl,10100011110
add,10100011111
batteri,10100100000
salari,10100100001
kpa,10100100010
ph,10100100011
remotework,10100100100
workathom,10100100101
digitalnomad,10100100110
remotejob,10100100111
pd,10100101000
associ,10100101001
driver,10100101010
director,10100101011
vacanc,10100101100
worker,10100101101
administr,10100101110
spherion,10100101111
warehous,10100110000
execut,10100110001
jobsearch,10100110010
jersey,10100110011
inc,10100110100
gbpkpa,10100110101
shift,10100110110
servicenow,10100110111
manchest,10100111000
coordin,10100111001
alert,10100111010
sap,10100111011
advisor,10100111100
jobvit,10100111101
itjob,10100111110
staffingmatch,10100111111
catal,10101000000
logisticsjob,10101000001
ontario,10101000010
jobopen,10101000011
sr,10101000100
repres,10101000101
front,10101000110
healthjob,10101000111
west,10101001000
per,10101001001
supervisor,10101001010
info,10101001011
triangletuesday,10101001100
bristol,10101001101
educationjob,10101001110
dublin,10101001111
com,10101010000
kellyservic,10101010001
south,10101010010
stack,10101010011
corpor,10101010100
seek,10101010101
meter,10101010110
reader,10101010111
cip,10101011000
junior,10101011001
clerk,10101011010
staff,10101011011
employ,10101011100
interview,10101011101
experienc,10101011110
leed,10101011111
automationpersonnelservic,10101100000
assembl,10101100001
net,10101100010
butcher,10101100011
north,10101100100
edit,10101100101
sugarbox,10101100110
wherethenetwork,10101100111
sugarboxnetwork,10101101000
ott,10101101001
idea,10101101010
collabor,10101101011
disrupt,10101101100
machinelearn,10101101101
approach,10101101110
acceler,10101101111
insur,10101110000
ml,10101110001
forward,10101110010
gymmotiv,10101110011
footbal,10101110100
taught,10101110101
lawenforc,10101110110
box,10101110111
sweat,10101111000
athlet,10101111001
hiit,10101111010
jordan,10101111011
treadmil,10101111100
botan,10101111101
sportswear,10101111110
commerci,10101111111
coach,10110000000
trainer,10110000001
legday,10110000010
teamast,10110000011
friday,10110000100
tfam,10110000101
then,10110000110
waist,10110000111
avocado,10110001000
burn,10110001001
boov,10110001010
lago,10110001011
govt,10110001100
feedli,10110001101
billion,10110001110
oyo,10110001111
problem,10110010000
under,10110010001
delta,10110010010
privat,10110010011
ban,10110010100
ekiti,10110010101
forc,10110010110
scheme,10110010111
recip,10110011000
cook,10110011001
delici,10110011010
chicken,10110011011
postcard,10110011100
dinner,10110011101
lunch,10110011110
restaur,10110011111
cake,10110100000
bake,10110100001
meal,10110100010
breakfast,10110100011
pizza,10110100100
drink,10110100101
salad,10110100110
chef,10110100111
homemad,10110101000
bread,10110101001
fri,10110101010
soup,10110101011
fresh,10110101100
eddm,10110101101
chees,10110101110
postcarddesign,10110101111
chocol,10110110000
flyer,10110110001
banner,10110110010
rice,10110110011
vegan,10110110100
burger,10110110101
yummi,10110110110
tast,10110110111
beef,10110111000
realstat,10110111001
tasti,10110111010
sweet,10110111011
taco,10110111100
meat,10110111101
sandwich,10110111110
coffe,10110111111
snack,10111000000
wine,10111000001
egg,10111000010
fruit,10111000011
dish,10111000100
cooki,10111000101
potato,10111000110
dessert,10111000111
serv,10111001000
sauc,10111001001
tomato,10111001010
tonight,10111001011
hot,10111001100
pasta,10111001101
veget,10111001110
agricultur,10111001111
oldfashionedrecip,10111010000
foodblog,10111010001
foodlov,10111010010
pie,10111010011
groceri,10111010100
dine,10111010101
flavor,10111010110
thermo,10111010111
fisher,10111011000
valv,10111011001
introduct,10111011010
optim,10111011011
unit,10111011100
voosh,10111011101
loader,10111011110
mfg,10111011111
sme,10111100000
co,10111100001
aerospac,10111100010
electron,10111100011
p,10111100100
civil,10111100101
turn,10111100110
current,10111100111
spain,10111101000
candid,10111101001
fraud,10111101010
bjp,10111101011
pragmat,10111101100
ubi,10111101101
poll,10111101110
poverti,10111101111
recycl,10111110000
voter,10111110001
unemploy,10111110010
congress,10111110011
presidenti,10111110100
ballot,10111110101
seat,10111110110
rule,10111110111
dutch,10111111000
won,10111111001
democraci,10111111010
counti,10111111011
israel,10111111100
iran,10111111101
hold,10111111110
committe,10111111111
mayor,11000000000
steal,11000000001
donald,11000000010
council,11000000011
cycl,11000000100
nomin,11000000101
bengal,11000000110
canada,11000000111
claim,11000001000
board,11000001001
happen,11000001010
major,11000001011
assam,11000001100
b,11000001101
repeat,11000001110
russia,11000001111
contest,11000010000
ahead,11000010001
chief,11000010010
didn,11000010011
netherland,11000010100
cultur,11000010101
societi,11000010110
radio,11000010111
hey,11000011000
ft,11000011001
feat,11000011010
divers,11000011011
tradit,11000011100
notifymagazin,11000011101
perform,11000011110
pop,11000011111
workplac,11000100000
isn,11000100001
timelin,11000100010
gossip,11000100011
album,11000100100
valu,11000100101
mahaw,11000100110
bog,11000100111
johnson,11000101000
remix,11000101001
avoid,11000101010
ab,11000101011
discount,11000101100
extens,11000101101
promo,11000101110
overstock,11000101111
flash,11000110000
fanpag,11000110001
cal,11000110010
powerlift,11000110011
unlock,11000110100
hidden,11000110101
teddi,11000110110
strong,11000110111
pose,11000111000
pro,11000111001
npc,11000111010
progress,11000111011
femalebodybuild,11000111100
lalupa,11000111101
physiqu,11000111110
kg,11000111111
bar,11001000000
competit,11001000001
pump,11001000010
min,11001000011
fitnessmodel,11001000100
ectomorphnew,11001000101
bodyposit,11001000110
steroid,11001000111
lose,11001001000
loss,11001001001
dumbbel,11001001010
eco,11001001011
hypertrophi,11001001100
deadlift,11001001101
cl,11001001110
flex,11001001111
walkday,11001010000
tricep,11001010001
classic,11001010010
sweatshirt,11001010011
labreport,11001010100
plagiar,11001010101
mathlab,11001010110
analysi,11001010111
late,11001011000
fall,11001011001
biochemistri,11001011010
computersci,11001011011
evolut,11001011100
semest,11001011101
fair,11001011110
rethink,11001011111
payexam,11001100000
physiolog,11001100001
adept,11001100010
researchpap,11001100011
scholar,11001100100
anatomi,11001100101
culculu,11001100110
myessay,11001100111
area,11001101000
deadlin,11001101001
homeworkslav,11001101010
schoolwork,11001101011
urgent,11001101100
fallclass,11001101101
cellular,11001101110
entiti,11001101111
fallsemest,11001110000
type,11001110001
overwhelm,11001110010
instant,11001110011
shark,11001110100
essaywrit,11001110101
term,11001110110
termpap,11001110111
anal,11001111000
hallo,11001111001
nft,11001111010
artistontwitt,11001111011
oc,11001111100
acryl,11001111101
piec,11001111110
fanart,11001111111
abstract,11010000000
charact,11010000001
doodl,11010000010
cryptoart,11010000011
comic,11010000100
procreat,11010000101
grey,11010000110
cross,11010000111
nftart,11010001000
canva,11010001001
nftcollector,11010001010
contemporaryart,11010001011
oil,11010001100
galleri,11010001101
name,11010001110
pictur,11010001111
nftartist,11010010000
titl,11010010001
someth,11010010010
originalcharact,11010010011
twitch,11010010100
ink,11010010101
surreal,11010010110
digitalartist,11010010111
wip,11010011000
guy,11010011001
craft,11010011010
watercolor,11010011011
jazz,11010011100
myart,11010011101
sketchbook,11010011110
past,11010011111
artistsontwitt,11010100000
boy,11010100001
lt,11010100010
interior,11010100011
modern,11010100100
exterior,11010100101
floor,11010100110
church,11010100111
resid,11010101000
street,11010101001
realest,11010101010
insid,11010101011
tower,11010101100
firm,11010101101
window,11010101110
commercialbuild,11010101111
renov,11010110000
render,11010110001
door,11010110010
room,11010110011
glass,11010110100
itali,11010110101
apart,11010110110
bridg,11010110111
plu,11010111000
wood,11010111001
publish,11010111010
furnitur,11010111011
visual,11010111100
arch,11010111101
concret,11010111110
stun,11010111111
urban,11011000000
castl,11011000001
town,11011000010
architecturedesign,11011000011
roof,11011000100
rank,11011000101
homedesign,11011000110
facad,11011000111
bird,11011001000
sticker,11011001001
animallov,11011001010
wildlif,11011001011
eleph,11011001100
decal,11011001101
naturecut,11011001110
vinyldec,11011001111
vinylstick,11011010000
cardec,11011010001
photograph,11011010010
zoo,11011010011
doubl,11011010100
insect,11011010101
wallpap,11011010110
fli,11011010111
fox,11011011000
invertebr,11011011001
bee,11011011010
hors,11011011011
squirrel,11011011100
macro,11011011101
tiger,11011011110
taken,11011011111
bear,11011100000
owl,11011100001
sheep,11011100010
wild,11011100011
tree,11011100100
addit,11011100101
duck,11011100110
sky,11011100111
garden,11011101000
deer,11011101001
lion,11011101010
hunt,11011101011
wolf,11011101100
butterfli,11011101101
beak,11011101110
cow,11011101111
camera,11011110000
speci,11011110001
walk,11011110010
turtl,11011110011
hunter,11011110100
close,11011110101
desert,11011110110
monkey,11011110111
rescu,11011111000
honeybe,11011111001
